<?xml version="1.0" encoding="UTF-8"?>
<components xmlns="http://jboss.com/products/seam/components"
            xmlns:core="http://jboss.com/products/seam/core"
            xmlns:drools="http://jboss.com/products/seam/drools"
            xmlns:security="http://jboss.com/products/seam/security"
            xmlns:mail="http://jboss.com/products/seam/mail"
            xmlns:xsi="http://www.w3.org/2001/XMLSchema-instance"
            xsi:schemaLocation=
                "http://jboss.com/products/seam/core http://jboss.com/products/seam/core-1.2.xsd 
                 http://jboss.com/products/seam/drools http://jboss.com/products/seam/drools-1.2.xsd
                 http://jboss.com/products/seam/security http://jboss.com/products/seam/security-1.2.xsd
                 http://jboss.com/products/seam/mail http://jboss.com/products/seam/mail-1.2.xsd
                 http://jboss.com/products/seam/components http://jboss.com/products/seam/components-1.2.xsd">

   <core:init debug="@debug@" jndi-pattern="@jndiPattern@"/>
     
   <core:manager concurrent-request-timeout="500" 
                 conversation-timeout="120000" 
                 conversation-id-parameter="cid" 
                 conversation-is-long-running-parameter="clr"/>
    
   <core:managed-persistence-context name="entityManager"
                              auto-create="true"
               persistence-unit-jndi-name="java:/@projectName@EntityManagerFactory"/>

   <core:ejb installed="@embeddedEjb@"/>
   
   <drools:rule-base name="securityRules">
       <drools:rule-files>
           <value>/security.drl</value>
       </drools:rule-files>
   </drools:rule-base>

   <security:identity authenticate-method="#{authenticator.authenticate}"
                           security-rules="#{securityRules}"/>
   
   <event type="org.jboss.seam.notLoggedIn">
       <action expression="#{redirect.captureCurrentView}"/>
   </event>
   <event type="org.jboss.seam.postAuthenticate">
       <action expression="#{redirect.returnToCapturedView}"/>
   </event>
   
   <mail:mail-session host="localhost" port="2525" username="test" password="test" />
        
   <!-- For use with jBPM pageflow or process management -->
   <!--  
   <core:jbpm>
      <core:process-definitions></core:process-definitions>
      <core:pageflow-definitions></core:pageflow-definitions>
   </core:jbpm>
   -->
      
</components>
