<?xml version='1.0' encoding='UTF-8'?>
<faces-config version="1.2"
	      xmlns="http://java.sun.com/xml/ns/javaee"
	      xmlns:xsi="http://www.w3.org/2001/XMLSchema-instance"
    xsi:schemaLocation="http://java.sun.com/xml/ns/javaee http://java.sun.com/xml/ns/javaee/web-facesconfig_1_2.xsd">

   <application>
      <message-bundle>messages</message-bundle>
      <!-- Disabled when using Ajax4JSF -->
      <!--
      <view-handler>org.jboss.seam.ui.facelet.SeamFaceletViewHandler</view-handler>
      -->
   </application>

   <!-- Seam transaction management -->
   <lifecycle>
      <phase-listener>org.jboss.seam.jsf.TransactionalSeamPhaseListener</phase-listener>
   </lifecycle>
    
   <!-- No Seam transaction management -->
   <!--  
   <lifecycle>
      <phase-listener>org.jboss.seam.jsf.SeamPhaseListener</phase-listener>
   </lifecycle>
   -->

</faces-config>
