<?xml version="1.0" encoding="UTF-8"?>
<application xmlns="http://java.sun.com/xml/ns/javaee" 
             xmlns:xsi="http://www.w3.org/2001/XMLSchema-instance"
             xsi:schemaLocation="http://java.sun.com/xml/ns/javaee http://java.sun.com/xml/ns/javaee/application_5.xsd"
             version="5">
    
   <display-name>@projectName@</display-name>
   
   <module>
      <web>
         <web-uri>@projectName@.war</web-uri>
         <context-root>/@projectName@</context-root>
      </web>
   </module>
   
   <module>
      <ejb>@projectName@.jar</ejb>
   </module>
   
   <!-- Seam and EL -->
   <module>
       <java>jboss-seam.jar</java>
   </module>   
   <module>
	   <java>el-ri.jar</java>
   </module>
   
   <!-- jBPM -->
   <module>
      <java>jbpm-3.1.4.jar</java>
   </module>

   <!-- Drools and dependencies -->
   <module>
      <java>drools-core-3.0.5.jar</java>
   </module>
   <module>
      <java>drools-compiler-3.0.5.jar</java>
   </module>
   <module>
      <java>janino-2.4.3.jar</java>
   </module>
   <module>
      <java>antlr-2.7.6.jar</java>
   </module>
   <module>
      <java>antlr-3.0ea8.jar</java>
   </module>
   <module>
      <java>commons-jci-core-1.0-406301.jar</java>
   </module>
   <module>
      <java>commons-jci-janino-2.4.3.jar</java>
   </module>
   <module>
      <java>stringtemplate-2.3b6.jar</java>
   </module>
    
</application>
