<?xml version="1.0" encoding="UTF-8"?>
<deployment xmlns:xsi="http://www.w3.org/2001/XMLSchema-instance"
            xsi:schemaLocation="urn:jboss:bean-deployer bean-deployer_1_0.xsd"
            xmlns="urn:jboss:bean-deployer">
            
   <bean name="@projectName@TestDatasourceBootstrap" class="org.jboss.resource.adapter.jdbc.local.LocalTxDataSource">
      <property name="driverClass">org.hsqldb.jdbcDriver</property>
      <property name="connectionURL">jdbc:hsqldb:.</property>
      <property name="userName"><value class="java.lang.String">sa</value></property>
      <property name="password"><value class="java.lang.String"></value></property>
      <property name="jndiName">java:/@projectName@TestDatasource</property>
      <property name="minSize">0</property>
      <property name="maxSize">10</property>
      <property name="blockingTimeout">1000</property>
      <property name="idleTimeout">100000</property>
      <property name="transactionManager"><inject bean="TransactionManager"/></property>
      <property name="cachedConnectionManager"><inject bean="CachedConnectionManager"/></property>
      <property name="initialContextProperties"><inject bean="InitialContextProperties"/></property>
   </bean>

   <bean name="@projectName@TestDatasource" class="java.lang.Object">
      <constructor factoryMethod="getDatasource">
         <factory bean="@projectName@TestDatasourceBootstrap"/>
      </constructor>
   </bean>

</deployment>