<?xml version="1.0" encoding="UTF-8"?>
<datasources>
   
   <local-tx-datasource>
      <jndi-name>@projectName@Datasource</jndi-name>
      <connection-url>@jdbcUrl@</connection-url>
      <driver-class>@driverClass@</driver-class>
      <user-name>@username@</user-name>
      <password>@password@</password>
<!-- 
      <exception-sorter-class-name>
         org.jboss.resource.adapter.jdbc.vendor.MySQLExceptionSorter
      </exception-sorter-class-name>
      <metadata>
         <type-mapping>mySQL</type-mapping>
      </metadata>
-->
   </local-tx-datasource>
    
</datasources>

